{"batch_loss_train": 1.5971730947494507, "_timestamp": 1660114151.0492449, "_runtime": 29.520049810409546, "_step": 3, "_wandb": {"runtime": 31}}